{
  "mean": [
    0.18814696371555328,
    0.2617923617362976,
    0.049287643283605576,
    0.03126150742173195,
    0.040430471301078796,
    -0.07842721045017242,
    -0.11974835395812988
  ],
  "std": [
    0.33783987164497375,
    0.6460109353065491,
    0.404341459274292,
    0.05953889712691307,
    0.07067231833934784,
    0.17431479692459106,
    0.9928209781646729
  ]
}